{
  "train_loss": [
    1.1131708894457135,
    0.4692279233251299,
    0.24836814965520587,
    0.1475367695093155,
    0.10769050708838872,
    0.090564284324646,
    0.08930604964494705,
    0.09485181531735828,
    0.10132739863225391,
    0.09872275659016201,
    0.10379543504544667,
    0.09959327991519655,
    0.101055235011237,
    0.09722099823611123,
    0.09120411715337208,
    0.10216699970620019,
    0.08839142360857555,
    0.09602581943784441,
    0.09517398655414581,
    0.08924506046942302,
    0.09314754975693566,
    0.0881849263395582,
    0.09138753235340119,
    0.116194498028074,
    0.09260986941201346,
    0.09587399772235325,
    0.09955437715564455,
    0.09817214965820313,
    0.0877299435223852,
    0.08809795669146947,
    0.08668366159711566,
    0.09945710412093571,
    0.08890936268227441,
    0.09808305914912906,
    0.1045065929208483,
    0.09966939960207258,
    0.09528764601264682,
    0.10578551266874586,
    0.10048971346446446,
    0.08944032647780009,
    0.11080572383744376
  ],
  "val_loss": [
    6.100162506103516,
    3.332914352416992,
    1.494956374168396,
    0.7821270227432251,
    0.4322887063026428,
    0.2943808436393738,
    0.23821039497852325,
    0.22735200822353363,
    0.22517332434654236,
    0.2691468894481659,
    0.35737964510917664,
    0.42094603180885315,
    0.5074658989906311,
    0.5802947282791138,
    0.6732934713363647,
    0.764845609664917,
    0.8849117755889893,
    0.9582968950271606,
    1.0707266330718994,
    1.268857479095459,
    1.3039844036102295,
    1.443329930305481,
    1.459429383277893,
    1.5576591491699219,
    1.7477953433990479,
    1.8564691543579102,
    1.9074604511260986,
    1.9948936700820923,
    1.9334580898284912,
    1.90532648563385,
    1.8960368633270264,
    1.9476044178009033,
    1.8930991888046265,
    1.9845534563064575,
    1.9186396598815918,
    1.9066969156265259,
    2.123138666152954,
    1.9538049697875977,
    1.995721459388733,
    1.9073017835617065,
    1.9813884496688843
  ],
  "physics_loss": [
    5.235222921839977e-09,
    1.3524772413120445e-09,
    1.0062338740013388e-09,
    6.444875300104513e-09,
    1.4915915613755715e-08,
    2.6894500848584357e-08,
    4.9973685634085996e-08,
    5.609157582853186e-08,
    7.76496094090362e-08,
    9.551774127203316e-08,
    1.279034620438324e-07,
    1.4321778962766984e-07,
    1.6933088886617043e-07,
    1.7009212172069965e-07,
    1.5985435197762854e-07,
    1.7567590759881568e-07,
    1.8230556975140644e-07,
    2.0371973619148775e-07,
    1.7755534997832e-07,
    2.0439476600131457e-07,
    2.3419434569404984e-07,
    2.1495677060556773e-07,
    2.6269074737683695e-07,
    2.357571986522089e-07,
    2.9239387799862016e-07,
    2.701507924030011e-07,
    2.511671084448608e-07,
    2.9709863724747265e-07,
    2.5877028519971645e-07,
    3.040828744360624e-07,
    2.733763153628388e-07,
    2.5607516818126896e-07,
    2.792897930703475e-07,
    2.939534624601947e-07,
    2.7033553351429873e-07,
    2.591374936855573e-07,
    3.218157473838801e-07,
    3.077161352393887e-07,
    3.036129498923401e-07,
    3.2512090797354176e-07,
    2.806748966577288e-07
  ],
  "lr": [
    0.001,
    0.0009984602081996978,
    0.0009938503261272716,
    0.0009861987752386398,
    0.0009755527298894296,
    0.000961977826489388,
    0.00094555775883209,
    0.0009263937620948695,
    0.0009046039886902867,
    0.000880322779817216,
    0.0005,
    0.0004831459238447126,
    0.0004651214302618152,
    0.00044603764624799857,
    0.0004260122296777103,
    0.0004051686439032329,
    0.0003836353965620614,
    0.00036154524728458567,
    0.0003390343891868213,
    0.0003162416091945611,
    0.0002933074323758256,
    0.00027037325555709016,
    0.0002475804755648299,
    0.0002250696174670655,
    0.00020297946818958988,
    0.0001,
    8.856437678788125e-05,
    7.757763386172192e-05,
    6.710750814512455e-05,
    5.7218551444802046e-05,
    4.7971732467223686e-05,
    3.942406092626557e-05,
    3.1628236059366976e-05,
    2.4632321719207146e-05,
    1.8479450044070675e-05,
    1.3207555533872352e-05,
    8.849141171350258e-06,
    5.431078030369277e-06,
    2.9744396068148607e-06,
    1.4943718934833801e-06,
    1.0197846371795822e-06
  ]
}