{
  "train_loss": [
    1.0313315274247101
  ],
  "val_loss": [
    2.608487844467163
  ],
  "physics_loss": [
    9.209592235492892e-07
  ],
  "lr": [
    0.001
  ]
}