{
  "train_loss": [
    0.03791630734290395,
    0.29967994570732115,
    0.9313107933316912,
    1.6962842164720808,
    2.714196582521711,
    3.840654582977295,
    5.149555677686418,
    6.437581416538784,
    7.997092366899762,
    9.219768981933594,
    10.968757994515554,
    11.837125941685267,
    12.769673222133092,
    13.768669842311315,
    14.54583133152553,
    15.818989116123744,
    16.356400784083775,
    17.710721146719795,
    18.053068531581335,
    18.35686683654785,
    19.53565517970494,
    19.776677878243582,
    19.806179896763393,
    21.227767900739398,
    21.980379115513394,
    22.198058035714286,
    22.00680543082101,
    22.860145612444196,
    22.581064573015485,
    22.254523184640068,
    23.079454454694474,
    22.47441373552595,
    22.590222593035016,
    23.697531378609792,
    22.943212487357002,
    23.510582744053433,
    22.36171786717006,
    23.03277400425502,
    23.110261110578264,
    23.20489508492606,
    22.7570836857387
  ],
  "val_loss": [
    0.029115572571754456,
    0.37783586978912354,
    1.099104881286621,
    2.0776939392089844,
    3.260054588317871,
    4.65627908706665,
    6.326351642608643,
    8.032269477844238,
    9.969160079956055,
    11.993667602539062,
    13.913914680480957,
    15.08039379119873,
    16.382110595703125,
    17.678457260131836,
    18.724031448364258,
    19.992931365966797,
    21.159351348876953,
    22.074962615966797,
    23.17871856689453,
    24.230588912963867,
    25.036638259887695,
    25.831708908081055,
    26.62064552307129,
    27.176162719726562,
    27.81853675842285,
    28.305444717407227,
    28.579849243164062,
    28.90216064453125,
    29.18033790588379,
    29.361906051635742,
    29.52312469482422,
    29.643449783325195,
    29.75012969970703,
    29.80458641052246,
    29.860139846801758,
    29.904842376708984,
    29.93600845336914,
    29.95685386657715,
    29.96875,
    29.973846435546875,
    29.97637367248535
  ],
  "physics_loss": [
    3.2412010853022366e-09,
    1.9311471533001168e-07,
    4.783967142429901e-07,
    8.423387498623924e-07,
    1.283778033212002e-06,
    1.7980030406761216e-06,
    2.380480964347953e-06,
    3.0246901587815955e-06,
    3.7242414236970944e-06,
    4.471469765121583e-06,
    5.192445769353071e-06,
    5.6630174185556825e-06,
    6.134905106591759e-06,
    6.604760983464075e-06,
    7.069846105878241e-06,
    7.526706212956924e-06,
    7.972774255904369e-06,
    8.405254448007327e-06,
    8.821623850963078e-06,
    9.219459570886102e-06,
    9.59704993874766e-06,
    9.951944775821175e-06,
    1.0283681149303447e-05,
    1.0590421879896894e-05,
    1.0871869562834036e-05,
    1.1105510566267185e-05,
    1.123169840866467e-05,
    1.1343297956045717e-05,
    1.14407057481003e-05,
    1.1524608453328256e-05,
    1.159570638264995e-05,
    1.1654748050204944e-05,
    1.1702763003995642e-05,
    1.1740669833670836e-05,
    1.1769644515879918e-05,
    1.1790797543653753e-05,
    1.1805408576037735e-05,
    1.1814760910056066e-05,
    1.1820147847174667e-05,
    1.1822941814898513e-05,
    1.1824220564449206e-05
  ],
  "lr": [
    0.001,
    0.0009984602081996978,
    0.0009938503261272716,
    0.0009861987752386398,
    0.0009755527298894296,
    0.000961977826489388,
    0.00094555775883209,
    0.0009263937620948695,
    0.0009046039886902867,
    0.000880322779817216,
    0.0005,
    0.0004831459238447126,
    0.0004651214302618152,
    0.00044603764624799857,
    0.0004260122296777103,
    0.0004051686439032329,
    0.0003836353965620614,
    0.00036154524728458567,
    0.0003390343891868213,
    0.0003162416091945611,
    0.0002933074323758256,
    0.00027037325555709016,
    0.0002475804755648299,
    0.0002250696174670655,
    0.00020297946818958988,
    0.0001,
    8.856437678788125e-05,
    7.757763386172192e-05,
    6.710750814512455e-05,
    5.7218551444802046e-05,
    4.7971732467223686e-05,
    3.942406092626557e-05,
    3.1628236059366976e-05,
    2.4632321719207146e-05,
    1.8479450044070675e-05,
    1.3207555533872352e-05,
    8.849141171350258e-06,
    5.431078030369277e-06,
    2.9744396068148607e-06,
    1.4943718934833801e-06,
    1.0197846371795822e-06
  ]
}