{
  "continuity": {
    "loss_mean": 6.860406882337744e-12,
    "loss_std": 4.393647696335346e-13,
    "raw_mean": 1.3736902565973652e-11,
    "raw_std": 7.68357467097164e-13,
    "weight_series": [
      0.5,
      0.5,
      0.5,
      0.5,
      0.5,
      0.5,
      0.5,
      0.510599258034844,
      0.48248766442296404,
      0.49039084342986977,
      0.5040552116997277,
      0.5047687491252405,
      0.5010712138717488,
      0.49993582718367713,
      0.5000742943994061,
      0.4937139331066911
    ]
  },
  "momentum_u": {
    "loss_mean": 1.8254672675809686e-13,
    "loss_std": 2.363267861576843e-14,
    "raw_mean": 3.6575126336878955e-12,
    "raw_std": 4.510076375399949e-13,
    "weight_series": [
      0.05,
      0.05,
      0.05,
      0.05,
      0.05,
      0.05,
      0.05,
      0.04853332796906454,
      0.048411413040004125,
      0.051344253951246394,
      0.04936708507924052,
      0.05000808899622447,
      0.04928639751547679,
      0.05052820508779026,
      0.050624992369248424,
      0.04989125489745216
    ]
  },
  "momentum_v": {
    "loss_mean": 1.8254672675809686e-13,
    "loss_std": 2.363267861576843e-14,
    "raw_mean": 3.6575126336878955e-12,
    "raw_std": 4.510076375399949e-13,
    "weight_series": [
      0.05,
      0.05,
      0.05,
      0.05,
      0.05,
      0.05,
      0.05,
      0.04853332796906454,
      0.048411413040004125,
      0.051344253951246394,
      0.04936708507924052,
      0.05000808899622447,
      0.04928639751547679,
      0.05052820508779026,
      0.050624992369248424,
      0.04989125489745216
    ]
  },
  "momentum_w": {
    "loss_mean": 1.8254672675809686e-13,
    "loss_std": 2.363267861576843e-14,
    "raw_mean": 3.6575126336878955e-12,
    "raw_std": 4.510076375399949e-13,
    "weight_series": [
      0.05,
      0.05,
      0.05,
      0.05,
      0.05,
      0.05,
      0.05,
      0.04853332796906454,
      0.048411413040004125,
      0.051344253951246394,
      0.04936708507924052,
      0.05000808899622447,
      0.04928639751547679,
      0.05052820508779026,
      0.050624992369248424,
      0.04989125489745216
    ]
  },
  "young_lippmann": {
    "loss_mean": 0.0,
    "loss_std": 0.0,
    "raw_mean": 0.0,
    "raw_std": 0.0,
    "weight_series": [
      0.5,
      0.5,
      0.5,
      0.5,
      0.5,
      0.5,
      0.5,
      0.5,
      0.5,
      0.5,
      0.5,
      0.5,
      0.5,
      0.5,
      0.5,
      0.5
    ]
  },
  "dielectric_charge": {
    "loss_mean": 0.0,
    "loss_std": 0.0,
    "raw_mean": 0.0,
    "raw_std": 0.0,
    "weight_series": [
      0.4,
      0.4,
      0.4,
      0.4,
      0.4,
      0.4,
      0.4,
      0.4,
      0.4,
      0.4,
      0.4,
      0.4,
      0.4,
      0.4,
      0.4,
      0.4
    ]
  },
  "energy_efficiency": {
    "loss_mean": 0.0,
    "loss_std": 0.0,
    "raw_mean": 0.0,
    "raw_std": 0.0,
    "weight_series": [
      0.3,
      0.3,
      0.3,
      0.3,
      0.3,
      0.3,
      0.3,
      0.3,
      0.3,
      0.3,
      0.3,
      0.3,
      0.3,
      0.3,
      0.3,
      0.3
    ]
  },
  "contact_line_dynamics": {
    "loss_mean": 0.0,
    "loss_std": 0.0,
    "raw_mean": 0.0,
    "raw_std": 0.0,
    "weight_series": []
  },
  "thermodynamic": {
    "loss_mean": 0.0,
    "loss_std": 0.0,
    "raw_mean": 0.0,
    "raw_std": 0.0,
    "weight_series": []
  },
  "interface_stability": {
    "loss_mean": 0.0,
    "loss_std": 0.0,
    "raw_mean": 0.0,
    "raw_std": 0.0,
    "weight_series": []
  },
  "frequency_response": {
    "loss_mean": 0.0,
    "loss_std": 0.0,
    "raw_mean": 0.0,
    "raw_std": 0.0,
    "weight_series": []
  },
  "optical_properties": {
    "loss_mean": 0.0,
    "loss_std": 0.0,
    "raw_mean": 0.0,
    "raw_std": 0.0,
    "weight_series": []
  },
  "data_fit": {
    "loss_mean": 0.0,
    "loss_std": 0.0,
    "raw_mean": 0.0,
    "raw_std": 0.0,
    "weight_series": []
  }
}