{
  "train_loss": [
    0.0373876320038523,
    0.3277669266292027,
    1.2192563601902553,
    2.2759647464752195,
    3.6436356680733817,
    5.183664379119873,
    6.891570197514126,
    8.786826095581056,
    11.160862802777972,
    13.163065430777413,
    15.609038549150739,
    18.081553976876396,
    20.203555243355886,
    23.285524281093053,
    25.159400416782923,
    27.541155853271484,
    30.17549756731306,
    33.31621579851423,
    34.55183191571917,
    36.784508732386996,
    38.80692428588867,
    42.10214712960379,
    42.26983254568918,
    44.10818429129464,
    46.774247480119975,
    47.99902849469866,
    48.141886073521206,
    49.86859372820173,
    51.32214837210519,
    52.61112248011998,
    54.216692395891464,
    52.588410077776224,
    52.87672121320452,
    55.402660827636716,
    55.053690272739956,
    55.1032389831543,
    54.73129880632673,
    53.303245849609375,
    55.85563664027623,
    55.29884262084961,
    55.23662983485631
  ],
  "val_loss": [
    0.028726235032081604,
    0.416325181722641,
    1.4038304090499878,
    2.676191806793213,
    4.077659606933594,
    5.824758052825928,
    7.714173316955566,
    9.918447494506836,
    12.316823959350586,
    14.758683204650879,
    17.242420196533203,
    20.15572738647461,
    22.493650436401367,
    25.76862144470215,
    28.33668327331543,
    30.517324447631836,
    34.61061477661133,
    37.43439483642578,
    39.438255310058594,
    41.91353225708008,
    45.00901412963867,
    47.149803161621094,
    49.06557083129883,
    51.23685073852539,
    52.89138412475586,
    54.5520133972168,
    56.010536193847656,
    57.637733459472656,
    59.42969512939453,
    60.75725173950195,
    61.230125427246094,
    61.6463737487793,
    61.973445892333984,
    62.35107421875,
    62.60395431518555,
    62.92992401123047,
    63.22431564331055,
    63.321258544921875,
    63.367645263671875,
    63.407657623291016,
    63.41681671142578
  ],
  "physics_loss": [
    6.201760216484331e-10,
    1.5130083852454845e-07,
    5.063483854428341e-07,
    9.218006766786857e-07,
    1.4115022395344567e-06,
    1.9727813196368515e-06,
    2.601546839287039e-06,
    3.2912187180045294e-06,
    4.035314304928761e-06,
    4.825975793210091e-06,
    5.6559642871434335e-06,
    6.517610017908737e-06,
    7.402542451018235e-06,
    8.301997695525642e-06,
    9.208418305206578e-06,
    1.0112848030985333e-05,
    1.1008083674823865e-05,
    1.1886521861015353e-05,
    1.274120768357534e-05,
    1.356550637865439e-05,
    1.4354167433339171e-05,
    1.51006343003246e-05,
    1.5802752386662178e-05,
    1.6455489458166994e-05,
    1.705718386801891e-05,
    1.760600571287796e-05,
    1.8100705347023904e-05,
    1.854107358667534e-05,
    1.8927408746094443e-05,
    1.926141521835234e-05,
    1.954515028046444e-05,
    1.9780974980676547e-05,
    1.9972623704234138e-05,
    2.0123445210629143e-05,
    2.0238021534169093e-05,
    2.032074553426355e-05,
    2.0376739485072903e-05,
    2.041118568740785e-05,
    2.0429408323252574e-05,
    2.0436958948266692e-05,
    2.043910171778407e-05
  ],
  "lr": [
    0.001,
    0.0009984602081996978,
    0.0009938503261272716,
    0.0009861987752386398,
    0.0009755527298894296,
    0.000961977826489388,
    0.00094555775883209,
    0.0009263937620948695,
    0.0009046039886902867,
    0.000880322779817216,
    0.0008536998372026809,
    0.000824899300140927,
    0.0007940987335200906,
    0.0007614880330756165,
    0.0007272682546199037,
    0.0006916503744663626,
    0.0006548539886902865,
    0.0006171059592460251,
    0.0005786390152875957,
    0.0005396903183160591,
    0.0005005000000000003,
    0.0004613096816839418,
    0.00042236098471240503,
    0.0003838940407539756,
    0.00034614601130971426,
    0.0003093496255336381,
    0.00027373174538009677,
    0.00023951196692438383,
    0.00020690126647990995,
    0.00017610069985907347,
    0.00014730016279731968,
    0.00012067722018278467,
    9.63960113097139e-05,
    7.460623790513114e-05,
    5.544224116791034e-05,
    3.902217351061242e-05,
    2.5447270110570835e-05,
    1.4801224761360576e-05,
    7.149673872728745e-06,
    2.5397918003025844e-06,
    1.0616220754105364e-06
  ]
}