{
  "train_loss": [
    0.03721530533262662,
    0.03816949161035674,
    0.048808666403804504,
    0.07239685390676771,
    0.10935665828841074,
    0.1534186591420855,
    0.19902897323880878,
    0.22222743085452487,
    0.2375898837191718,
    0.24931004762649536,
    0.2559472666467939,
    0.2628513606957027,
    0.26077166948999675,
    0.2770784287793296,
    0.30565803953579496,
    0.35656243545668465,
    0.4194376972743443,
    0.5099664875439235,
    0.6174569037982396,
    0.7380421686172486,
    0.8929237059184483,
    1.0214976603644235,
    1.1969779137202672,
    1.3305040631975447,
    1.4356938437053135,
    1.5167649337223599,
    1.6148229762486048,
    1.5926941149575369,
    1.7170122119358608,
    1.6850106498173305,
    1.6979953166416712,
    1.717992056437901,
    1.7186039754322597,
    1.714272187777928,
    1.802951421056475,
    1.8606447580882481,
    2.0019094106129236,
    2.0964442416599818,
    2.3150576645987373,
    2.5930343736921038,
    2.776785967690604,
    3.0134946468898227,
    3.190588389805385,
    3.4016857160840717,
    3.6700057779039654,
    3.7788527134486607,
    3.8138899735042027,
    3.947049882071359,
    4.045160642351423,
    4.075239519391741,
    3.9386741965157643,
    3.9820570182800292,
    3.9972337668282645,
    4.035401679447719,
    4.1313129261561805,
    4.210892538343157,
    4.330388202667236,
    4.712899810246059,
    4.913212609972272,
    5.243674526214599,
    5.580250628335135,
    5.871588633401053,
    6.46189777646746,
    6.386706300462995,
    6.9026249994550435,
    6.955026749202183,
    7.177406673431396,
    7.175706100463867,
    7.124021884373256,
    7.334267485482352,
    7.2294357245309016,
    7.451944065093994,
    7.209519285474505,
    7.465061378479004,
    7.512702293395996,
    7.614486160278321,
    7.64500378199986,
    7.9271195656912665,
    8.435614602225167,
    8.82411755153111,
    9.029105001177106,
    9.545612493242537,
    10.128205408368792,
    10.496002377101354,
    10.857093745640347,
    11.332504980904716,
    11.307060911996023,
    11.56724083491734,
    11.544846867152623,
    11.412804619925362,
    11.416555333818708,
    11.642973507472448,
    11.42324280330113,
    11.447958570207868,
    11.385801402500698,
    11.645118669782367,
    12.32237342289516,
    12.497907524108888,
    13.09154101235526,
    13.062367150442942
  ],
  "val_loss": [
    0.028886133804917336,
    0.03259764984250069,
    0.04485274478793144,
    0.07176301628351212,
    0.11382382363080978,
    0.1605965942144394,
    0.1993630975484848,
    0.22431680560112,
    0.23616266250610352,
    0.23920944333076477,
    0.23932825028896332,
    0.24236613512039185,
    0.2539874017238617,
    0.27954646944999695,
    0.3238231837749481,
    0.391628623008728,
    0.47981321811676025,
    0.5870711803436279,
    0.7214545011520386,
    0.8691168427467346,
    1.0302118062973022,
    1.1916677951812744,
    1.3585448265075684,
    1.5147886276245117,
    1.6656684875488281,
    1.7851930856704712,
    1.863020420074463,
    1.903262734413147,
    1.921984076499939,
    1.9260400533676147,
    1.9262473583221436,
    1.931551456451416,
    1.9494531154632568,
    1.9965569972991943,
    2.0686423778533936,
    2.169337511062622,
    2.303368091583252,
    2.4581878185272217,
    2.659968614578247,
    2.940687417984009,
    3.2469797134399414,
    3.5522403717041016,
    3.863018274307251,
    4.09436559677124,
    4.251145839691162,
    4.38839864730835,
    4.476438045501709,
    4.538668155670166,
    4.558384895324707,
    4.56641960144043,
    4.566727161407471,
    4.574077606201172,
    4.595692157745361,
    4.653331756591797,
    4.737513542175293,
    4.913455009460449,
    5.186723232269287,
    5.487114429473877,
    5.791468620300293,
    6.105428218841553,
    6.480340003967285,
    6.739001750946045,
    7.060195446014404,
    7.453449726104736,
    7.816651344299316,
    8.025507926940918,
    8.18976879119873,
    8.25777816772461,
    8.298352241516113,
    8.30850601196289,
    8.308894157409668,
    8.321404457092285,
    8.374530792236328,
    8.459717750549316,
    8.59160041809082,
    8.757196426391602,
    9.004914283752441,
    9.407110214233398,
    9.864197731018066,
    10.381848335266113,
    10.81874942779541,
    11.26669692993164,
    11.775254249572754,
    12.037109375,
    12.313871383666992,
    12.702515602111816,
    12.860737800598145,
    12.948829650878906,
    12.985067367553711,
    12.997730255126953,
    12.998392105102539,
    13.00773811340332,
    13.07310962677002,
    13.161938667297363,
    13.281290054321289,
    13.69516372680664,
    13.98602294921875,
    14.299464225769043,
    14.613921165466309,
    15.383920669555664
  ],
  "physics_loss": [
    6.198641600008159e-10,
    2.6031012900773476e-09,
    8.71667094060058e-09,
    2.1751876744247056e-08,
    4.078320259282009e-08,
    6.058323265278887e-08,
    7.633833121190037e-08,
    8.621553604371002e-08,
    9.083909446871985e-08,
    9.20461147302376e-08,
    9.209291107481477e-08,
    9.327514760570921e-08,
    9.777058096460678e-08,
    1.0758247270814536e-07,
    1.2440482066722325e-07,
    1.493939834062985e-07,
    1.8311561689188238e-07,
    2.2552595169145206e-07,
    2.7551956804927613e-07,
    3.3137931154669786e-07,
    3.911344776952319e-07,
    4.5221744926493557e-07,
    5.114684427098837e-07,
    5.655837753693049e-07,
    6.11677762663021e-07,
    6.477518468273047e-07,
    6.730890049766458e-07,
    6.883614105390734e-07,
    6.954927584956749e-07,
    6.97372115610051e-07,
    6.974456709940569e-07,
    6.993120109655138e-07,
    7.063791258588026e-07,
    7.216165727186308e-07,
    7.47378010146349e-07,
    7.852902967897535e-07,
    8.361203072126955e-07,
    8.996543670036772e-07,
    9.745999705046415e-07,
    1.0585075642666197e-06,
    1.1478464330139104e-06,
    1.238240997736284e-06,
    1.3249029962025816e-06,
    1.4032276567377266e-06,
    1.469382482355286e-06,
    1.5208837567115552e-06,
    1.5569620472888346e-06,
    1.578699993842747e-06,
    1.5888663256191649e-06,
    1.591552177160338e-06,
    1.5916582469799323e-06,
    1.5943409152896493e-06,
    1.6045134998421418e-06,
    1.6264355053863255e-06,
    1.6634055555186933e-06,
    1.7175449329442927e-06,
    1.7896201143230428e-06,
    1.87892123904021e-06,
    1.983193669730099e-06,
    2.09869403988705e-06,
    2.2203678327059606e-06,
    2.3422692265739897e-06,
    2.4581177058280446e-06,
    2.5620422547945054e-06,
    2.6493028144614073e-06,
    2.716935796343023e-06,
    2.764179726000293e-06,
    2.79260029856232e-06,
    2.8058843781764153e-06,
    2.809394572977908e-06,
    2.8095323614252266e-06,
    2.813041874105693e-06,
    2.8263507374504115e-06,
    2.855009597624303e-06,
    2.903252834585146e-06,
    2.9736972919636173e-06,
    3.0671005788462935e-06,
    3.18225488626922e-06,
    3.315959475003183e-06,
    3.4631689231900964e-06,
    3.617328502514283e-06,
    3.770895546040265e-06,
    3.916095920430962e-06,
    4.045771675009746e-06,
    4.1542580220266245e-06,
    4.238113888277439e-06,
    4.296578026696807e-06,
    4.33170907854219e-06,
    4.348121365183033e-06,
    4.3524573811737355e-06,
    4.3526292756723706e-06,
    4.356965291663073e-06,
    4.373408501123777e-06,
    4.408801942190621e-06,
    4.4683074520435184e-06,
    4.555040959530743e-06,
    4.669755526265362e-06,
    4.8107417569553945e-06,
    4.973869636160089e-06,
    5.15279634782928e-06
  ],