{
  "timestamp": "2025-11-24 18:35:32",
  "training_summary": {
    "total_epochs": 41,
    "best_train_loss": 0.08926268283809935,
    "best_val_loss": 0.2736355662345886,
    "final_train_loss": 1.5953107581819808,
    "final_val_loss": 9.636785507202148,
    "training_stages": 0
  },
  "convergence_analysis": {
    "status": "converging",
    "best_epoch": 10,
    "best_loss": 0.2736355662345886,
    "final_loss": 9.636785507202148,
    "convergence_rate": 0.7915156539655304,
    "overfitting": true,
    "suggestion": "模型仍在收敛中，可以继续训练"
  },
  "diagnostic_results": {
    "convergence_analysis": {
      "status": "converging",
      "best_epoch": 10,
      "best_loss": 0.2736355662345886,
      "final_loss": 9.636785507202148,
      "convergence_rate": 0.7915156539655304,
      "overfitting": true,
      "suggestion": "模型仍在收敛中，可以继续训练"
    }
  },
  "recommendations": [
    "模型仍在收敛中，可以继续训练"
  ]
}