{
  "train_loss": [
    1.0504289024216789,
    0.29163300156593325,
    0.1504105361870357,
    0.11462250960724694,
    0.10688855503286634,
    0.10493203661271504,
    0.10183230276618685,
    0.10211531566722053,
    0.09721675668443952,
    0.09312918428863798,
    0.08926268283809935,
    0.09002682264362062,
    0.09722586257117136,
    0.10544539357934679,
    0.10525133465017592,
    0.12241968248571668,
    0.11270589521953038,
    0.10353711592299597,
    0.1037394203884261,
    0.11199003636837006,
    0.10943027487822941,
    0.11239814026015145,
    0.11856033022914614,
    0.15136312893458775,
    0.1676381628853934,
    0.18419728798525675,
    0.17446494000298637,
    0.23576327936989921,
    0.1808316572223391,
    0.17429254178489959,
    0.22595038865293776,
    0.20948194622993468,
    0.17920752031462533,
    0.2171062298331942,
    0.3391916753564562,
    0.36434366251741135,
    0.5049343088694981,
    0.8193263721466064,
    0.6903878998756409,
    1.3732880660465785,
    1.5953107581819808
  ],
  "val_loss": [
    7.654067516326904,
    1.9313684701919556,
    0.8539091348648071,
    0.507448673248291,
    0.39575308561325073,
    0.3793790936470032,
    0.37297600507736206,
    0.3684779703617096,
    0.35709381103515625,
    0.3045196235179901,
    0.2736355662345886,
    0.28627675771713257,
    0.3713736832141876,
    0.5660964846611023,
    0.7716090679168701,
    1.00818932056427,
    1.1937552690505981,
    1.2626466751098633,
    1.2388157844543457,
    1.461017370223999,
    1.3875954151153564,
    1.5951194763183594,
    2.0052127838134766,
    2.864234685897827,
    4.8056440353393555,
    5.136471271514893,
    5.631730079650879,
    6.3925042152404785,
    5.876826763153076,
    5.836040019989014,
    6.100402355194092,
    5.35956335067749,
    6.5476484298706055,
    6.961272239685059,
    8.415969848632812,
    12.924171447753906,
    14.444966316223145,
    13.669551849365234,
    11.934213638305664,
    13.439909934997559,
    9.636785507202148
  ],
  "physics_loss": [
    6.8348828818898255e-09,
    1.4247332202899088e-09,
    9.84634151990349e-09,
    3.1248131193706286e-08,
    3.567886253108554e-08,
    3.6912307876946215e-08,
    3.886363941774107e-08,
    3.089267508471494e-08,
    3.724538188976112e-08,
    4.851109736137005e-08,
    5.761588184327593e-08,
    7.937537560565033e-08,
    1.0753180390565831e-07,
    6.281427289422936e-08,
    8.351629077196776e-08,
    4.054734503711188e-08,
    1.0216880497182501e-07,
    4.880291371023304e-08,
    2.9144201718622753e-08,
    6.795184503971541e-08,
    6.85468393157862e-08,
    5.20423846239737e-08,
    2.7361858556673724e-08,
    3.7520667461876656e-08,
    7.105725785550021e-09,
    5.506707978497616e-09,
    1.3319781722032076e-08,
    8.78607964160949e-10,
    2.5900098066244936e-08,
    1.20461836061736e-08,
    1.523616077747647e-08,
    7.083203801272475e-09,
    1.166339647085124e-08,
    7.675798663342448e-09,
    5.144081605124029e-09,
    2.5410824378013785e-07,
    1.7657819171290612e-06,
    7.9643768913229e-07,
    1.5303798761578946e-07,
    1.6443443939806457e-07,
    1.7020872178363788e-07
  ],
  "lr": [
    0.001,
    0.0009330796891903274,
    0.00075025,
    0.0005005000000000002,
    0.00025075000000000016,
    6.792031080967288e-05,
    1e-06,
    6.792031080967418e-05,
    0.000250750000000005,
    0.0005005000000000103,
    0.0005,
    0.0006217644509922899,
    0.0006663333333333332,
    0.00062176445099229,
    0.0005000000000000001,
    0.00033366666666666674,
    0.00016733333333333357,
    4.5568882341043336e-05,
    1e-06,
    6.79203108096731e-05,
    0.00025075000000000016,
    0.0005004999999999999,
    0.0007502500000000003,
    0.000933079689190327,
    0.0009999999999999998,
    0.0001,
    8.05809101520435e-05,
    5.405394010136231e-05,
    2.75269700506812e-05,
    8.107880202724642e-06,
    1e-06,
    6.79203108096753e-05,
    0.00025075000000000943,
    0.0005005000000000193,
    0.0007502500000000308,
    0.0009330796891903645,
    0.001000000000000041,
    0.0009330796891903659,
    0.0007502500000000302,
    0.0005005000000000219,
    0.00029733504678365017
  ]
}